RAJAToBrokerCode	RAJA	Start	2026-07-07	End	2026-07-07	Mode	Value
Investor	All	Board	RG
BY	BLot	BVal	BAvg	#	SL	SLot	SVal	SAvg
XL	41,952	17,304,163,000	4124.75	1	CC	35,302	14,572,167,000	4127.86
CC	24,357	10,021,555,000	4114.45	2	XL	32,478	13,369,458,000	4116.47
YP	14,426	5,940,728,000	4118.07	3	AK	31,390	12,935,964,000	4121.05
XC	13,002	5,358,247,000	4121.09	4	AZ	9,583	3,925,457,000	4096.27
CP	10,872	4,486,751,000	4126.89	5	CP	9,197	3,786,103,000	4116.67
AK	9,137	3,759,946,000	4115.08	6	YP	7,436	3,065,488,000	4122.50
PD	7,357	3,037,357,000	4128.53	7	XC	5,676	2,339,499,000	4121.74
KK	6,063	2,489,089,000	4105.38	8	PD	5,380	2,216,915,000	4120.66
SQ	5,968	2,460,562,000	4122.93	9	KK	2,445	1,006,367,000	4116.02
YB	4,687	1,928,724,000	4115.05	10	LG	2,335	964,083,000	4128.84
ZP	3,297	1,354,621,000	4108.65	11	ZP	2,255	929,476,000	4121.84
AZ	3,212	1,332,648,000	4148.97	12	BB	2,068	852,496,000	4122.32
OD	2,639	1,086,875,000	4118.51	13	YB	2,055	847,289,000	4123.06
LG	2,605	1,072,039,000	4115.31	14	OD	2,037	842,409,000	4135.54
DR	2,506	1,034,145,000	4126.68	15	YU	2,023	838,118,000	4142.95
XA	2,511	1,032,350,000	4111.31	16	XA	1,977	814,577,000	4120.27
BQ	2,423	995,510,000	4108.58	17	CD	1,979	811,402,000	4100.06
NI	2,313	952,883,000	4119.68	18	HP	1,932	796,335,000	4121.82
EP	1,946	802,551,000	4124.11	19	NI	1,913	787,858,000	4118.44
DH	1,379	568,184,000	4120.26	20	BK	1,649	677,676,000	4109.62
BK	1,342	552,651,000	4118.11	21	EP	1,595	659,889,000	4137.24
KI	1,174	486,187,000	4141.29	22	HD	1,453	599,307,000	4124.62
HP	1,045	429,126,000	4106.47	23	SQ	1,422	587,531,000	4131.72
GR	972	400,664,000	4122.06	24	MG	1,312	538,357,000	4103.33
AI	950	393,254,000	4139.52	25	DR	1,145	471,704,000	4119.69
MG	917	378,201,000	4124.33	26	BQ	1,106	455,125,000	4115.05
AG	915	375,780,000	4106.89	27	AI	728	300,873,000	4132.87
HD	815	335,087,000	4111.50	28	AG	460	190,140,000	4133.48
YU	529	218,559,000	4131.55	29	GR	436	179,440,000	4115.60
BR	443	182,530,000	4120.32	30	AO	426	175,502,000	4119.77
AT	321	131,863,000	4107.88	31	IF	411	170,106,000	4138.83
LS	300	123,050,000	4101.67	32	FZ	350	144,800,000	4137.14
FZ	266	109,105,000	4101.69	33	DH	302	125,216,000	4146.23
IH	240	98,880,000	4120.00	34	LS	250	103,000,000	4120.00
DX	184	76,328,000	4148.26	35	ID	250	103,000,000	4120.00
RO	141	57,909,000	4107.02	36	AT	243	100,148,000	4121.32
RG	82	33,948,000	4140.00	37	YJ	219	90,025,000	4110.73
IF	82	33,841,000	4126.95	38	DX	191	79,013,000	4136.81
MU	75	30,975,000	4130.00	39	RO	81	33,445,000	4129.01
TP	70	28,996,000	4142.29	40	SH	69	28,399,000	4115.80
SH	69	28,535,000	4135.51	41	KI	62	25,738,000	4151.29
ID	50	20,550,000	4110.00	42	IN	60	24,582,000	4097.00
CD	47	19,493,000	4147.45	43	IU	21	8,676,000	4131.43
QA	27	11,103,000	4112.22	44	BR	16	6,562,000	4101.25
RS	24	9,960,000	4150.00	45	RG	13	5,365,000	4126.92
YJ	14	5,814,000	4152.86	46	JB	10	4,170,000	4170.00
AO	10	4,150,000	4150.00	47	RB	10	4,140,000	4140.00
SF	10	4,110,000	4110.00	48	OK	10	4,120,000	4120.00
GI	3	1,239,000	4130.00	49	SF	10	4,120,000	4120.00
JB	3	1,230,000	4100.00	50	QA	1	416,000	4160.00
