RAJAToBrokerCode	RAJA	Start	2026-07-08	End	2026-07-08	Mode	Value
Investor	All	Board	RG
BY	BLot	BVal	BAvg	#	SL	SLot	SVal	SAvg
XL	35,675	14,331,757,000	4017.31	1	XL	36,715	14,746,967,000	4016.61
CC	19,692	7,889,757,000	4006.58	2	YP	18,780	7,531,660,000	4010.47
XC	16,227	6,486,848,000	3997.56	3	AK	16,726	6,747,566,000	4034.18
YP	11,578	4,653,731,000	4019.46	4	CC	16,177	6,519,674,000	4030.21
AK	10,991	4,416,791,000	4018.55	5	PD	13,699	5,471,292,000	3993.94
SQ	8,415	3,389,888,000	4028.39	6	SS	10,000	3,920,000,000	3920.00
PD	7,229	2,898,749,000	4009.89	7	YB	8,314	3,325,308,000	3999.65
CP	6,042	2,425,788,000	4014.88	8	XC	8,070	3,249,706,000	4026.90
YB	5,924	2,395,976,000	4044.52	9	CP	5,909	2,375,051,000	4019.38
LG	5,529	2,229,913,000	4033.12	10	SQ	5,735	2,321,097,000	4047.25
KK	4,520	1,816,123,000	4017.97	11	LG	4,596	1,850,951,000	4027.31
BQ	4,243	1,690,089,000	3983.24	12	BK	4,031	1,616,915,000	4011.20
AD	4,000	1,608,000,000	4020.00	13	NI	3,638	1,458,958,000	4010.33
XA	3,689	1,487,953,000	4033.49	14	YU	3,577	1,443,553,000	4035.65
BK	3,617	1,430,883,000	3955.99	15	XA	3,269	1,306,218,000	3995.77
MG	3,444	1,378,327,000	4002.11	16	KK	3,163	1,280,326,000	4047.82
HP	3,002	1,199,303,000	3995.01	17	HD	2,102	836,795,000	3980.95
NI	2,821	1,128,913,000	4001.82	18	ZP	1,883	758,129,000	4026.18
ZP	2,698	1,075,074,000	3984.71	19	AZ	1,674	669,519,000	3999.52
EP	2,658	1,062,245,000	3996.41	20	DH	1,646	665,952,000	4045.88
OD	2,565	1,023,261,000	3989.32	21	DR	1,605	645,120,000	4019.44
GR	2,294	931,934,000	4062.48	22	AG	1,366	542,677,000	3972.75
YU	1,936	777,359,000	4015.28	23	BQ	1,275	507,930,000	3983.76
DR	1,825	728,541,000	3992.01	24	MG	1,196	478,148,000	3997.89
AZ	1,656	665,344,000	4017.78	25	TP	1,113	440,532,000	3958.06
AT	1,231	491,892,000	3995.87	26	HP	810	329,035,000	4062.16
AG	1,139	459,341,000	4032.84	27	OD	725	294,351,000	4060.01
HD	1,100	441,194,000	4010.85	28	FZ	673	270,920,000	4025.56
MI	750	294,000,000	3920.00	29	EP	681	270,260,000	3968.58
LS	711	285,772,000	4019.30	30	GR	661	264,286,000	3998.28
KI	648	260,550,000	4020.83	31	AT	530	213,030,000	4019.43
FZ	600	241,597,000	4026.62	32	KI	506	200,863,000	3969.62
DH	566	225,620,000	3986.22	33	AO	477	186,984,000	3920.00
AI	542	217,297,000	4009.17	34	YJ	360	144,335,000	4009.31
RS	500	196,000,000	3920.00	35	AI	171	68,790,000	4022.81
IF	450	180,115,000	4002.56	36	IF	97	39,279,000	4049.38
YJ	275	110,425,000	4015.45	37	ZR	100	39,200,000	3920.00
ES	253	99,191,000	3920.59	38	SH	50	19,950,000	3990.00
SH	150	60,800,000	4053.33	39	DX	35	13,905,000	3972.86
IH	147	59,094,000	4020.00	40	IU	30	11,760,000	3920.00
CD	136	53,650,000	3944.85	41	BR	15	6,047,000	4031.33
BR	112	45,356,000	4049.64	42	RG	13	5,180,000	3984.62
MU	100	40,200,000	4020.00	43	RO	10	4,060,000	4060.00
IU	100	39,780,000	3978.00	44	LS	9	3,645,000	4050.00
ZR	100	39,600,000	3960.00	45	RS	1	402,000	4020.00
PG	100	39,200,000	3920.00	46	 	 	 	 
DX	70	28,100,000	4014.29	47	 	 	 	 
TP	40	16,260,000	4065.00	48	 	 	 	 
RO	33	13,092,000	3967.27	49	 	 	 	 
AO	31	12,182,000	3929.68	50	 	 	 	 
RG	25	9,947,000	3978.80	51	 	 	 	 
JB	11	4,407,000	4006.36	52	 	 	 	 
ID	10	3,960,000	3960.00	53	 	 	 	 
FS	7	2,792,000	3988.57	54	 	 	 	 
SS	5	1,960,000	3920.00	55	 	 	 	 
PC	1	405,000	4050.00	56	 	 	 	 
