RAJAToBrokerCode	RAJA	Start	2026-06-23	End	2026-06-23	Mode	Value
Investor	All	Board	RG
BY	BLot	BVal	BAvg	#	SL	SLot	SVal	SAvg
XL	90,716	36,588,102,000	4033.26	1	XL	99,131	39,679,226,000	4002.71
AK	89,099	35,588,780,000	3994.30	2	CC	66,504	27,083,566,000	4072.47
CC	87,774	35,310,414,000	4022.88	3	YP	31,374	12,730,449,000	4057.64
YP	36,070	14,560,242,000	4036.66	4	XC	27,176	10,855,389,000	3994.48
XC	22,911	9,238,609,000	4032.39	5	OD	25,917	10,470,551,000	4040.03
CP	14,718	5,978,474,000	4062.02	6	AK	23,902	9,629,982,000	4028.94
ZP	12,428	4,963,546,000	3993.84	7	CP	22,224	8,974,655,000	4038.27
HD	11,261	4,562,498,000	4051.59	8	ZP	18,643	7,602,226,000	4077.79
PD	11,274	4,558,167,000	4043.08	9	AZ	14,518	5,797,015,000	3992.98
SQ	10,819	4,353,635,000	4024.06	10	SQ	13,603	5,503,777,000	4046.00
AZ	10,357	4,124,444,000	3982.28	11	PD	13,023	5,193,686,000	3988.09
MG	8,589	3,483,335,000	4055.58	12	HD	11,773	4,784,187,000	4063.69
HP	7,910	3,250,576,000	4109.45	13	NI	11,771	4,734,433,000	4022.12
NI	7,811	3,167,082,000	4054.64	14	LG	9,677	3,856,227,000	3984.94
LG	5,703	2,271,157,000	3982.39	15	BQ	9,290	3,689,435,000	3971.40
KK	5,309	2,142,367,000	4035.35	16	DR	7,844	3,138,881,000	4001.63
YB	5,047	2,026,627,000	4015.51	17	YB	6,915	2,766,721,000	4001.04
XA	4,965	2,016,598,000	4061.63	18	KK	6,191	2,470,349,000	3990.23
DR	4,261	1,721,828,000	4040.90	19	XA	5,807	2,326,112,000	4005.70
TS	3,500	1,450,500,000	4144.29	20	MG	5,689	2,312,617,000	4065.07
BQ	3,599	1,439,502,000	3999.73	21	IF	5,566	2,181,690,000	3919.67
BK	3,392	1,366,917,000	4029.83	22	EP	5,097	2,064,268,000	4049.97
OD	2,714	1,077,914,000	3971.68	23	GR	4,668	1,844,799,000	3952.01
PI	2,000	832,000,000	4160.00	24	HP	4,194	1,696,944,000	4046.12
YU	2,041	803,055,000	3934.62	25	MI	4,040	1,658,720,000	4105.74
IU	1,792	734,564,000	4099.13	26	FS	3,154	1,277,920,000	4051.74
EP	1,610	653,144,000	4056.80	27	TP	2,513	995,133,000	3959.94
RO	1,471	591,107,000	4018.40	28	DH	2,010	804,300,000	4001.49
GR	1,319	531,196,000	4027.26	29	AI	1,855	738,444,000	3980.83
DH	1,107	451,108,000	4075.05	30	IU	1,730	686,550,000	3968.50
YJ	1,105	431,584,000	3905.74	31	RO	1,560	637,167,000	4084.40
AO	1,064	427,176,000	4014.81	32	YJ	1,620	634,922,000	3919.27
KZ	1,000	401,173,000	4011.73	33	AT	1,493	595,442,000	3988.23
IF	925	383,911,000	4150.39	34	YU	1,299	519,686,000	4000.66
AT	698	280,055,000	4012.25	35	BK	1,129	465,568,000	4123.72
AI	585	239,357,000	4091.57	36	LS	837	327,259,000	3909.90
AG	537	210,554,000	3920.93	37	AO	715	288,807,000	4039.26
PC	500	191,500,000	3830.00	38	BR	723	284,737,000	3938.27
IH	368	147,624,000	4011.52	39	RB	700	271,700,000	3881.43
ES	350	138,632,000	3960.91	40	ES	500	204,600,000	4092.00
FZ	320	133,120,000	4160.00	41	PC	510	199,975,000	3921.08
IN	310	126,850,000	4091.94	42	KI	497	195,605,000	3935.71
KI	269	111,954,000	4161.86	43	RS	426	174,616,000	4098.97
RS	200	82,800,000	4140.00	44	FZ	399	156,239,000	3915.76
SH	200	75,800,000	3790.00	45	IH	368	145,848,000	3963.26
TP	180	71,749,000	3986.06	46	DX	331	132,246,000	3995.35
AH	95	39,476,000	4155.37	47	AG	250	99,130,000	3965.20
QA	53	21,811,000	4115.28	48	IN	230	94,420,000	4105.22
BR	26	10,294,000	3959.23	49	SH	220	86,120,000	3914.55
DX	22	8,894,000	4042.73	50	ID	160	66,350,000	4146.88
LS	16	6,252,000	3907.50	51	CD	135	53,259,000	3945.11
MI	10	3,960,000	3960.00	52	MU	126	49,034,000	3891.59
CD	6	2,471,000	4118.33	53	PG	105	43,635,000	4155.71
JB	5	1,918,000	3836.00	54	RF	100	41,400,000	4140.00
TF	3	1,222,000	4073.33	55	SA	105	40,960,000	3900.95
 	 	 	 	56	RG	46	18,112,000	3937.39
 	 	 	 	57	QA	21	8,516,000	4055.24
 	 	 	 	58	SS	10	4,020,000	4020.00
