BBRIToBrokerCode	BBRI	Start	2026-07-08	End	2026-07-08	Mode	Value
Investor	All	Board	RG
BY	BLot	BVal	BAvg	#	SL	SLot	SVal	SAvg
ZP	314,500	88,226,591,000	2805.30	1	AK	467,870	131,316,828,000	2806.69
XL	274,788	77,055,736,000	2804.19	2	DX	384,375	107,648,144,000	2800.60
CC	266,497	74,786,855,000	2806.29	3	CC	372,276	104,389,743,000	2804.10
YU	193,509	54,187,785,000	2800.27	4	ZP	183,872	51,414,973,000	2796.24
SQ	187,184	52,479,363,000	2803.62	5	YP	137,201	38,596,849,000	2813.16
AK	164,255	46,203,503,000	2812.91	6	XL	123,593	34,692,085,000	2806.96
XC	160,131	44,951,263,000	2807.16	7	BK	117,903	33,170,851,000	2813.40
YP	148,331	41,540,682,000	2800.54	8	XC	89,427	25,008,943,000	2796.58
BK	140,688	39,634,817,000	2817.21	9	YU	85,561	24,002,036,000	2805.25
OD	88,101	24,703,780,000	2804.03	10	PD	70,949	20,006,777,000	2819.88
PD	83,894	23,491,293,000	2800.12	11	OD	62,544	17,692,496,000	2828.81
RX	73,859	20,625,961,000	2792.61	12	NI	62,378	17,508,299,000	2806.81
NI	62,187	17,439,821,000	2804.42	13	CP	40,396	11,357,127,000	2811.45
GR	44,942	12,583,167,000	2799.87	14	MG	35,976	10,069,440,000	2798.93
TP	40,957	11,637,493,000	2841.39	15	AZ	34,660	9,641,486,000	2781.73
KZ	37,804	10,571,120,000	2796.30	16	SQ	31,114	8,721,353,000	2803.03
KK	27,487	7,700,177,000	2801.39	17	KZ	28,950	8,055,174,000	2782.44
BB	20,881	5,948,264,000	2848.65	18	KK	28,080	7,851,501,000	2796.12
DR	20,811	5,809,299,000	2791.46	19	LG	19,755	5,618,368,000	2844.02
CP	20,304	5,685,888,000	2800.38	20	GR	19,138	5,389,270,000	2816.00
MG	17,464	4,885,995,000	2797.75	21	SS	15,000	4,260,000,000	2840.00
XA	15,550	4,347,440,000	2795.78	22	HD	13,569	3,806,956,000	2805.63
EP	13,409	3,753,413,000	2799.17	23	FS	12,000	3,330,000,000	2775.00
DH	13,177	3,696,765,000	2805.47	24	XA	11,512	3,211,816,000	2789.97
HD	12,929	3,625,881,000	2804.46	25	EP	10,751	3,004,749,000	2794.86
AZ	12,907	3,616,077,000	2801.64	26	BR	9,500	2,689,453,000	2831.00
YJ	11,593	3,243,176,000	2797.53	27	YJ	7,612	2,117,785,000	2782.17
LG	9,211	2,574,954,000	2795.52	28	DH	7,456	2,093,495,000	2807.80
BQ	7,754	2,167,134,000	2794.86	29	BQ	7,065	1,997,765,000	2827.69
BR	6,100	1,731,500,000	2838.52	30	TP	5,983	1,671,558,000	2793.85
AG	4,304	1,209,031,000	2809.09	31	AT	5,510	1,558,598,000	2828.67
AT	4,168	1,181,289,000	2834.19	32	DR	4,924	1,383,174,000	2809.05
LS	4,194	1,174,822,000	2801.20	33	LS	4,307	1,227,085,000	2849.05
RO	4,070	1,142,759,000	2807.76	34	BB	4,382	1,223,236,000	2791.50
KI	3,810	1,072,663,000	2815.39	35	PC	3,100	882,900,000	2848.06
YB	3,524	985,896,000	2797.66	36	SA	3,000	844,000,000	2813.33
AI	3,207	895,524,000	2792.40	37	YB	2,768	775,153,000	2800.41
ES	2,338	652,666,000	2791.56	38	PG	2,150	601,750,000	2798.84
HP	2,178	609,149,000	2796.83	39	KI	1,412	397,684,000	2816.46
FS	2,004	558,612,000	2787.49	40	AI	1,206	335,685,000	2783.46
BS	1,963	549,472,000	2799.14	41	IF	1,064	300,858,000	2827.61
IF	1,577	442,289,000	2804.62	42	RO	1,026	287,487,000	2802.02
DX	1,370	384,112,000	2803.74	43	HP	888	248,457,000	2797.94
PG	1,110	309,630,000	2789.46	44	AO	620	176,220,000	2842.26
SF	535	150,546,000	2813.94	45	AG	482	134,720,000	2795.02
RG	536	149,578,000	2790.63	46	MI	300	84,000,000	2800.00
ZR	475	133,000,000	2800.00	47	PI	200	56,000,000	2800.00
RB	252	70,855,000	2811.71	48	YO	189	52,731,000	2790.00
CD	251	70,329,000	2801.95	49	MU	150	42,450,000	2830.00
OK	200	55,900,000	2795.00	50	AR	150	41,850,000	2790.00
IT	200	55,800,000	2790.00	51	PO	100	28,200,000	2820.00
AR	150	41,700,000	2780.00	52	QA	32	8,957,000	2799.06
PC	126	35,250,000	2797.62	53	SH	5	1,395,000	2790.00
QA	119	33,360,000	2803.36	54	 	 	 	 
AF	100	27,900,000	2790.00	55	 	 	 	 
SS	75	21,150,000	2820.00	56	 	 	 	 
SH	70	19,789,000	2827.00	57	 	 	 	 
MU	54	15,064,000	2789.63	58	 	 	 	 
GA	50	13,950,000	2790.00	59	 	 	 	 
RS	50	13,950,000	2790.00	60	 	 	 	 
DD	25	7,020,000	2808.00	61	 	 	 	 
TF	21	5,873,000	2796.67	62	 	 	 	 
PF	20	5,600,000	2800.00	63	 	 	 	 
PO	20	5,590,000	2795.00	64	 	 	 	 
FZ	20	5,590,000	2795.00	65	 	 	 	 
ID	15	4,155,000	2770.00	66	 	 	 	 
FO	10	2,810,000	2810.00	67	 	 	 	 
SA	10	2,785,000	2785.00	68	 	 	 	 
MI	8	2,232,000	2790.00	69	 	 	 	 
IH	7	1,953,000	2790.00	70	 	 	 	 
IN	5	1,395,000	2790.00	71	 	 	 	 
AO	3	841,000	2803.33	72	 	 	 	 
JB	2	558,000	2790.00	73	 	 	 	 
PI	1	280,000	2800.00	74	 	 	 	 
